Gene,Score
Act5C,0.846231
Delta,0.832649
Notch,0.852295
Rpl32,0.945547
engrailed,0.983267
even-skipped,1.0
fushi-tarazu,0.808684
giant,0.959129
hedgehog,0.870369
hunchback,0.817192
tub,0.945547
white,0.730592
wingless,0.867577
yellow,0.787041
